{
  "projection_meta": {
    "algorithm_used": "pca_fallback"
  },
  "cluster_meta": {
    "n_samples": 137,
    "n_clusters": 7,
    "n_noise": 119,
    "algorithm_used": "dbscan_direct_mature_first",
    "fallback_attempts": 0,
    "noise_fraction": 0.8686131386861314,
    "is_production_optimized": true,
    "production_confidence": 0.98,
    "similarity_mean": 0.8531782996002688,
    "expected_clusters": 6,
    "algorithm_choice": "DBSCAN",
    "optimization_reason": "high_similarity_with_production_patterns",
    "user_message": "\ud83d\udee2\ufe0f **Production Data Detected** (85.3% well similarity) - Using optimized clustering parameters optimized for oil & gas decline curves. Expecting ~6 distinct production behavior groups. High similarity is normal for wells in the same formation with similar completions.",
    "maturity_analysis": {
      "total_wells": 150,
      "mature_wells": 137,
      "young_wells": 13,
      "mature_fraction": 0.9133333333333333,
      "maturity_threshold": 24,
      "recommended_strategy": "mature_first",
      "mature_well_apis": [
        "42041326490000",
        "42041326000000",
        "42041326020000",
        "42041326010000",
        "42041325980000",
        "42041325710000",
        "42041325510000",
        "42395320300000",
        "42041325730000",
        "42041325530000",
        "42041325520000",
        "42041325040000",
        "42041325150000",
        "42041325050000",
        "42041324980000",
        "42041324830000",
        "42041325250000",
        "42041324800000",
        "42041326560000",
        "42395320740000",
        "42041326500000",
        "42041326580000",
        "42041326630000",
        "42041326620000",
        "42041326550000",
        "42041326510000",
        "42395320640000",
        "42041326540000",
        "42041326530000",
        "42041326520000",
        "42041323670000",
        "42041323680000",
        "42395320650000",
        "42041326400000",
        "42041326390000",
        "42041326380000",
        "42395320590000",
        "42395320600000",
        "42395320490000",
        "42395320500000",
        "42041325870000",
        "42041326080000",
        "42041325860000",
        "42041326050000",
        "42041325970000",
        "42041326060000",
        "42041325580000",
        "42041326070000",
        "42041325570000",
        "42041326040000",
        "42395320450000",
        "42041326030000",
        "42041325840000",
        "42041325790000",
        "42041325830000",
        "42041325780000",
        "42041325800000",
        "42395320460000",
        "42041325880000",
        "42041325450000",
        "42041325740000",
        "42041325480000",
        "42041325460000",
        "42041325910000",
        "42041325940000",
        "42041325700000",
        "42041325370000",
        "42041325630000",
        "42041325400000",
        "42395320390000",
        "42395320260000",
        "42041325470000",
        "42041325490000",
        "42041325560000",
        "42041325540000",
        "42041325550000",
        "42041325650000",
        "42051341780000",
        "42051341790000",
        "42051341800000",
        "42041325290000",
        "42041325600000",
        "42041325390000",
        "42041325640000",
        "42395320400000",
        "42041325620000",
        "42041325100000",
        "42041325110000",
        "42395320210000",
        "42041325120000",
        "42041325130000",
        "42395320270000",
        "42041325610000",
        "42041325720000",
        "42041325420000",
        "42041325410000",
        "42041325750000",
        "42041325690000",
        "42041325320000",
        "42041325310000",
        "42041325070000",
        "42041325060000",
        "42041325300000",
        "42041325230000",
        "42041325210000",
        "42041325090000",
        "42041325260000",
        "42041325220000",
        "42041325200000",
        "42041325190000",
        "42041325140000",
        "42041325030000",
        "42041325020000",
        "42041325180000",
        "42041324920000",
        "42041325010000",
        "42041324940000",
        "42041324930000",
        "42041324910000",
        "42395320220000",
        "42041324760000",
        "42395320160000",
        "42395320140000",
        "42041325000000",
        "42041324820000",
        "42041324810000",
        "42041324770000",
        "42041324330000",
        "42395320150000",
        "42395320170000",
        "42041324990000",
        "42041324740000",
        "42041324750000",
        "42041324790000",
        "42041324780000",
        "42041324730000",
        "42395319350000"
      ],
      "young_well_apis": [
        "42041326690000",
        "42041326680000",
        "42041326600000",
        "42041326590000",
        "42041326670000",
        "42041326660000",
        "42041326640000",
        "42041326650000",
        "42395320830000",
        "42395320870000",
        "42395320850000",
        "42395320860000",
        "42395320820000"
      ]
    },
    "mature_vector_meta": {
      "n_wells": 137,
      "n_features": 24,
      "normalize": "q_over_qmax",
      "stream": "oil"
    },
    "young_vector_meta": {
      "n_wells": 13,
      "n_features": 12,
      "normalize": "q_over_qmax",
      "stream": "oil"
    },
    "clustering_strategy": "mature_first",
    "young_vector_length": 12
  },
  "similarity_meta": {
    "n_scored": 31,
    "n_clusters": 7,
    "mean_similarity": 0.9773376726776969
  },
  "run_analysis": false,
  "session_recovery_selection": "2025-08-29 01:26 - \ud83d\udcc1 Data (387.7MB)",
  "filter_operators": [],
  "configs_valid": true,
  "filter_min_months": 6,
  "vector_meta": {
    "n_wells": 150,
    "n_features": 24,
    "normalize": "q_over_qmax",
    "stream": "oil"
  },
  "filter_max_lateral": 20000,
  "join_stats": {
    "headers_rows": 3414,
    "headers_unique_api14": 3414,
    "monthly_rows": 288925,
    "monthly_unique_api14": 1602,
    "joined_rows": 288748,
    "matched_api14": 1601,
    "unmatched_headers_api14": 1813
  },
  "smart_group_size": "balanced",
  "smart_months": 24,
  "smart_cluster_count": 3,
  "filters_cfg": {
    "completion_year_range": [
      2018,
      2024
    ],
    "lateral_ft_range": [
      5000,
      20000
    ],
    "min_months_produced": 6
  },
  "smart_analysis_focus": "oil",
  "filter_min_lateral": 5000,
  "headers_meta": {
    "missing_fields": [],
    "n_rows": 3414,
    "path": "/var/folders/08/y6fz554s14q2vjlv8ssv7km80000gn/T/tmpj2lwcfkd.csv"
  },
  "filter_formations": [],
  "filter_year_range": [
    2018,
    2024
  ],
  "monthly_meta": {
    "missing_fields": [],
    "n_rows": 288925,
    "path": "/var/folders/08/y6fz554s14q2vjlv8ssv7km80000gn/T/tmppabf9wta.csv"
  }
}